NSA,PI
6376,0000411
6375,0000519
6374,0015478
6373,0000784
6372,0000784
6371,0000820
6370,0000821
6369,0008666
6368,0017135
6367,0017135
6366,0001812
6365,0002525
6364,0002669
6363,0002862
6362,0003681
6361,0003682
6360,0014132
6359,0014133
6358,0002868
6357,0002981
6356,0003626
6355,0004634
6354,0005317
6353,0005318
6352,0005533
6351,0006253
6350,0006446
6349,0006915
6349B,0006915
6348,0006924
6347,0006924
6346,0006934
6345,0006935
6344,0006999
6343,0007055
6342,0007233
6341,0007494
6340,0007535
6340B,0007535
6339,0007692
6338,0621720
6337,0007836
6336,0007838
6335,0007841
6334,0007842
6333,0007856
6332,0007952
6331,0008016
6330,0008017
6329,0008018
6328,0008019
6327,0008042
6326,0008288
6325,0008357
6324,0008358
6323,0008359
6322,0010236
6321,0008384
6320,0008601
6319,0008680
6318,0008759
6317,0009156
6316,0009157
6315,0009395
6314,0009397
6314C,0009397
6314B,0009397
6313,0009928
6312,0009932
6311,0009966
6310,0009989
6309,0009990
6308,0009992
6307,0010212
6306,0010298
6305,0010322
6304,0010352
6304B,0010352
6303,0010474
6302,0010555
6301,0010560
6300,0015624
6300B,0010821
6299,0010874
6298,0010874
6297,0011434
6296,0011833
6295,0012596
6294,0012597
6293,0012637
6292,0311400
6291,0012757
6290,0012757
6289,0012758
6288,0012758
6287,0012759
6286,0012788
6285,0012808
6284,0012823
6283,0012865
6282,0012866
6281,0012867
6280,0012868
6279,0012877
6278,0012884
6277,0012904
6276,0013056
6275,0013064
6274,0013095
6273,0013104
6272,0013120
6271,0013161
6270,0013171
6269,0013172
6268,0013173
6267,0013195
6266,0013197
6265,0013204
6264,0018210
6263,0013212
6262,0013238
6261,0013257
6260,0013258
6259,0013259
6258,0013260
6257,0013297
6256,0013301
6255,0013302
6254,0013311
6253,0013372
6252,0013375
6251,0013379
6250,0013390
6249,0013525
6248,0013526
6247,0013531
6246,0013539
6245,0013546
6244,0013546
6243,0013552
6242,0013563
6241,0013571
6240,0013572
6239,0013576
6238,0013577
6237,0013578
6236,0013579
6235,0013590
6234,0013591
6233,0013594
6232,0013599
6231,0013599
6230,0013603
6229,0013605
6228,0013610
6227,0013613
6226,0013616
6225,0013617
6224,0013619
6223,0013676
6222,0013685
6221,0013690
6220,0013691
6219,0013692
6218,0013693
6217,0013694
6216,0013696
6215,0013700
6214,0013702
6213,0013703
6212,0013704
6211,0013712
6210,0013714
6209,0013715
6208,0013717
6207,0013718
6206,0013719
6205,0013723
6204,0013724
6203,0013726
6202,0013727
6201,0013727
6200,0013733
6199,0013738
6198,0013739
6197A,0013740
6197B,0013740
6197C,0013740
6197D,0013740
6197E,0013740
6196,0013746
6195,0013751
6194,0013760
6193,0013763
6192,0013764
6191,0013765
6190,0013766
6189,0013767
6188,0013768
6187,0013768
6186,0013769
6185,0013769
6184,0013802
6183,0013804
6182,0013806
6181,0013808
6180,0013809
6180B,0013809
6179A,0013811
6179B,0013811
6178,0013813
6177,0013814
6176,0013817
6175,0013827
6174,0013851
6173,0013852
6172,0013853
6171,0013854
6170,0013855
6169,0013856
6168,0013857
6167,0013860
6166,0013861
6165,0013862
6164,0013882
6163,0013883
6162,0013884
6161,0013886
6160,0013888
6159,0013893
6158,0013894
6157,0013895
6156,0013896
6155,0013897
6154,0013902
6153,0013902
6152,0013903
6152B,0013903
6151,0013910
6150,0013915
6149,0013915
6148,0013917
6147,0013917
6146,0013918
6145,0013918
6144,0013921
6143,0013924
6142,0013926
6141,0013927
6140,0013930
6140B,0013930
6139,0013946
6138,0013950
6137,0013954
6136,0013965
6135,0013988
6134,0013990
6133,0013992
6132,0013993
6131,0013994
6130,0013995
6129,0013998
6128,0014072
6127,0014079
6126,0014081
6125,0014082
6124,0014122
6123,0014167
6122,0014168
6121,0014172
6120,0014174
6119,0014175
6118,0014176
6117,0014177
6116,0014178
6115,0014203
6114,0014203
6113,0014482
6113B,0014482
6112,0014895
6112B,0014895
6111,0014897
6110,0014899
6109,0014899
6108,0014902
6107,0014905
6106,0014906
6105,0014914
6104,0014996
6103,0015019
6102,0015023
6101,0015042
6101B,0015042
6100,0015078
6099,0015088
6098,0015090
6097,0015095
6096,0015100
6095,0015114
6094,0015145
6093A,0015151
6093B,0015151
6093C,0015151
6093D,0015151
6092,0015285
6089,0015288
6088,0015295
6087,0015298
6086,0015306
6085,0015323
6084,0015382
6083,0015390
6082,0015391
6081,0015393
6080,0015394
6079,0015395
6078,0015396
6077,0015397
6076,0015398
6076B,0015398
6076C,0015398
6075,0015402
6074,0015403
6073,0015404
6072,0015413
6071,0015421
6070,0015422
6069,0015432
6068,0015436
6067,0015439
6066,0015445
6065,0015475
6064,0015523
6063,0015524
6062,0015530
6061,0015532
6060,0015534
6059,0015535
6058,0015538
6057,0015541
6056,0015542
6055,0015544
6054,0015546
6053,0015547
6052,0015551
6051,0015552
6050,0015553
6049,0015555
6048,0015556
6047,0015557
6046,0015558
6045,0015559
6044,0015560
6043,0015562
6042,0015566
6041,0015567
6040,0015568
6039,0015591
6038,0015592
6037,0015593
6036,0015601
6035,0015602
6034,0015603
6033,0015604
6032,0015605
6031,0015608
6030,0015609
6029,0015610
6028,0015611
6027,0015613
6026,0015614
6025,0015615
6024,0015617
6023,0015618
6022,0015619
6021,0015620
6020,0015621
6019,0015622
6018,0015623
6017,0015631
6016,0015632
6015,0015636
6014,0015640
6013,0015641
6012,0015642
6011,0015645
6010,0015646
6009,0015647
6008,0015651
6007,0015652
6006,0015653
6005,0015656
6004,0015658
6003,0015660
6002,0015664
6001,0015667
6000,0015672
5999,0015675
5998,0015679
5997,0015680
5996,0015682
5995,0015685
5994,0015687
5993,0015688
5992,0015689
5991,0015690
5990,0015692
5989,0015694
5988,0015696
5987,0015701
5986,0015702
5985,0015704
5984,0015705
5983,0015844
5982,0015882
5981,0015890
5980,0015916
5979,0015918
5978,0015919
5977,0015924
5976,0015955
5975,0015956
5974,0015959
5973,0015983
5972,0015998
5971,0016015
5970,0016052
5969,0016053
5968,0016054
5968,0016054
5967,0016056
5966,0016065
5965,0016066
5964,0016067
5963,0016069
5962,0016074
5961,0016078
5960,0016081
5959,0016082
5958,0016089
5957,0016105
5956,0016106
5955,0016107
5954,0016108
5953,0016109
5952,0016110
5951,0016112
5950,0016113
5949,0016114
5948,0016115
5947,0016116
5946,0016117
5945,0016118
5944,0016122
5943,0016123
5942,0016126
5941,0016127
5940,0016128
5939,0016129
5938,0016130
5937,0016166
5936,0016182
5935,0016319
5934,0016347
5933,0016348
5932,0016349
5931,0016350
5930,0016351
5929,0016352
5928,0016356
5927,0016357
5926,0016359
5925,0016362
5924,0016363
5922,0016365
5921,0016386
5920,0016387
5919,0016390
5918,0016410
5917,0016444
5916,0016461
5915,0016464
5914,0016469
5913,0016475
5912,0016476
5911,0016504
5910,0016505
5909,0016506
5908,0016507
5908B,0016507
5907,0016509
5906,0016510
5905,0016512
5904,0016513
5903A,0016514
5903B,0016514
5903C,0016514
5903D,0016514
5902,0016519
5901,0016520
5900,0016521
5899,0016522
5898,0016523
5897,0016524
5896,0016525
5895,0016526
5894,0016527
5893,0016528
5892,0016529
5891,0016530
5890,0016531
5889,0016532
5888,0016564
5887,0016565
5886,0016566
5885,0016567
5884,0016568
5883,0016569
5882,0016570
5881,0016571
5880,0016572
5879,0016573
5878,0016574
5877,0016576
5876,0016577
5875,0016578
5874,0016579
5873,0016580
5872,0016581
5871,0016582
5870,0016583
5869,0016584
5868,0016585
5867,0016586
5866,0016587
5865,0016588
5864,0016589
5863,0016590
5862,0016591
5861,0016592
5860,0016593
5859,0016594
5858,0016595
5857,0016596
5856,0016597
5855,0016598
5854,0016599
5853,0016600
5852,0016601
5851,0016602
5850,0016603
5849,0016604
5848,0016605
5847,0016606
5846,0016607
5845,0016608
5844,0016610
5843,0016611
5842,0016615
5841,0016618
5840,0016618
5839,0016625
5838,0016627
5837,0016628
5836,0016629
5835,0016630
5834,0016631
5833,0016632
5832,0016633
5831,0016634
5830,0016635
5829,0016636
5828,0016637
5827,0016638
5826,0016639
5825,0016792
5824,0016800
5823,0016818
5822,0016829
5821,0016898
5820,0016899
5819,0016920
5818,0016921
5817,0016927
5816,0016928
5815,0016975
5814,0017039
5813,0017040
5812,0017088
5811,0017096
5810,0017114
5809,0017115
5808,0017116
5807,0017121
5806,0017122
5805,0017125
5804,0017125
5803,0017126
5802,0017129
5801,0017138
5800,0017139
5799,0017177
5798,0017182
5797,0017182
5796,0017183
5796B,0017183
5795,0017186
5794,0017187
5793,0017188
5792,0017189
5792B,0017189
5791,0017221
5790,0017222
5789,0017223
5788,0017224
5787,0017225
5786,0017226
5785,0017227
5784,0017228
5783,0017229
5782,0017230
5781A,0017231
5781B,0017231
5781C,0017231
5781D,0017231
5780,0017235
5780B,0017235
5779,0017237
5778,0017238
5777,0017239
5776,0017285
5775,0017387
5774,0017389
5773,0017389
5772,0017392
5771,0017394
5770,0017395
5769,0017396
5768,0017397
5767,0017398
5766,0017399
5765,0017401
5765B,0017401
5764,0017403
5763,0017404
5762,0017405
5761,0017411
5760,0017414
5760B,0017414
5759,0017418
5758,0017419
5757,0017423
5756,0017424
5755,0017425
5754,0017430
5753,0017454
5752,0018009
5751,0017511
5750,0017515
5749,0017517
5748,0017678
5747,0017686
5746,0017694
5745,0017697
5744,0017698
5743,0017718
5742,0017719
5741,0017729
5740,0017730
5739,0017731
5738,0017732
5737,0017733
5736,0017734
5735,0017735
5734,0017736
5733,0017737
5732,0017738
5731,0017739
5730,0017740
5729,0017756
5728,0017769
5727,0017771
5726,0017772
5725,0017773
5724,0017774
5723,0017775
5722,0017776
5721A,0017777
5721B,0017777
5721C,0017777
5721D,0017777
5720,0017782
5719,0017784
5718,0017789
5717,0017804
5716,0017811
5715,0017814
5714,0017815
5714A,0017830
5713,0017830
5712,0017843
5711,0017844
5710,0017845
5709,0017876
5708,0017878
5707,0017919
5706,0017920
5705,0017926
5704,0017927
5703,0017928
5702,0017929
5701,0017930
5700,0017931
5699,0017932
5698,0017933
5697A,0017934
5697B,0017934
5697C,0017934
5697D,0017934
5697E,0017934
5696,0017939
5695,0017940
5694,0017941
5693,0017942
5693B,0017942
5692,0017957
5691,0017959
5690,0017960
5689,0017961
5688,0017962
5687,0017963
5686,0017964
5685,0017965
5684,0017966
5683,0017968
5682,0017975
5681,0017976
5680,0017988
5679,0017993
5678,0017994
5677,0017995
5676,0018185
5675,0017998
5674,0017999
5673,0018022
5672,0018023
5671,0018024
5670,0018025
5669,0018033
5668,0018036
5667,0018042
5666,0018037
5665,0018041
5664,0018051
5663,0018177
5662,0018038
5661A,0018049
5661B,0018049
5660,0018039
5659,0018046
5658,0018050
5658B,0018050
5657,0018048
5656,0018043
5655,0018052
5654,0018047
5653,0018053
5652,0018054
5651,0018055
5650,0018056
5650B,0018056
5650C,0018056
5649,0018060
5648,0018124
5647,0018124
5646,0018173
5645,0018174
5644,0018175
5643,0018182
5642,0018191
5641,0018192
5640,0018193
5639,0018204
5638,0018212
5637,0018221
5636,0018256
5635,0018257
5634A,0018267
5634B,0018267
5633,0018268
5632,0018268
5631,0018269
5630,0018269
5629,0018270
5628,0018270
5627,0018271
5626,0018271
5625,0018272
5624,0018272
5623,0018282
5622,0018298
5622B,0018298
5621,0018302
5621B,0018302
5620,0018304
5620B,0018304
5619,0018312
5618,0018313
5617,0018324
5616,0018325
5615,0018327
5614,0018328
5613,0018329
5612,0018330
5611,0018332
5610,0018343
5609,0018351
5608,0018353
5607,0018354
5606,0018355
5606B,0018355
5605,0018362
5604,0018364
5603,0018367
5602,0018373
5601,0018376
5600,0018377
5599,0018384
5598,0018385
5598B,0018385
5597,0018395
5596,0018399
5595,0019041
5595B,0019041
5594,0019043
5593,0019045
5592,0019048
5591,0019059
5590,0019060
5589,0019061
5588,0019062
5587,0019066
5586,0019067
5585,0019152
5584,0019153
